"participant","age","gender"
1,50,"M"
2,41,"M"
3,28,"F"
4,60,"F"
5,36,"M"
6,58,"M"
7,47,"M"
8,38,"F"
9,35,"F"
10,36,"M"
11,50,"M"
12,27,"M"
13,28,"M"
14,28,"M"
15,47,"M"
16,28,"F"
17,31,"M"
18,41,"F"
19,64,"F"
20,67,"F"
21,26,"M"
22,44,"F"
23,36,"M"
24,39,"M"
25,32,"M"
26,23,"F"
27,70,"M"
28,41,"M"
29,35,"M"
30,34,"F"
31,50,"M"
32,28,"M"
33,29,"M"
34,34,"F"
35,48,"M"
36,42,"M"
37,43,"F"
38,43,"M"
39,27,"M"
40,41,"F"
41,30,"M"
42,53,"F"
43,34,"M"
44,53,"F"
45,37,"F"
46,53,"M"
47,38,"M"
48,34,"F"
49,28,"M"
50,32,"M"
51,37,"M"
52,20,"M"
53,66,"F"
54,46,"M"
55,25,"F"
56,38,"M"
57,33,"F"
58,32,"F"
59,31,"M"
60,26,"M"
61,23,"M"
62,37,"M"
63,44,"M"
64,59,"F"
65,37,"M"
66,36,"M"
67,62,"M"
68,61,"F"
69,40,"F"
70,41,"F"
71,43,"F"
72,43,"F"
73,59,"F"
74,52,"F"
75,33,"F"
76,70,"F"
77,35,"F"
78,27,"M"
79,34,"F"
80,29,"F"
81,28,"F"
82,32,"M"
83,48,"F"
84,70,"F"
85,40,"M"
86,35,"M"
87,29,"M"
88,47,"M"
89,27,"M"
90,28,"F"
91,39,"F"
92,35,"M"
93,30,"M"
94,37,"M"
95,31,"F"
96,54,"M"
97,26,"F"
98,69,"F"
99,28,"F"
100,37,"F"
101,29,"F"
102,41,"F"
103,28,"M"
104,51,"F"
105,54,"M"
106,25,"F"
107,63,"F"
108,26,"M"
109,32,"M"
110,34,"M"
111,39,"F"
112,31,"F"
113,30,"M"
114,28,"M"
115,60,"F"
116,34,"M"
117,53,"F"
118,26,"M"
119,54,"M"
120,34,"M"
121,34,"M"
122,19,"M"
123,43,"M"
124,41,"M"
125,50,"M"
126,27,"F"
127,37,"F"
128,24,"F"
129,57,"M"
130,65,"F"
131,51,"M"
132,43,"F"
133,42,"M"
134,29,"M"
135,29,"M"
136,28,"F"
137,56,"F"
138,34,"F"
139,39,"M"
140,35,"M"
141,27,"M"
142,50,"F"
143,38,"M"
144,38,"M"
145,38,"M"
146,40,"F"
147,43,"M"
148,52,"M"
149,34,"M"
150,31,"M"
151,60,"M"
152,45,"M"
153,45,"M"
154,27,"M"
155,29,"F"
156,40,"M"
157,32,"M"
158,32,"M"
159,37,"F"
160,37,"F"
161,37,"F"
162,48,"F"
163,25,"M"
164,29,"M"
165,42,"F"
166,45,"M"
167,27,"F"
168,26,"F"
169,64,"M"
170,48,"M"
171,41,"F"
172,28,"M"
173,42,"F"
174,38,"F"
175,32,"M"
176,44,"F"
177,37,"F"
178,27,"M"
179,32,"F"
180,50,"M"
181,50,"M"
182,37,"M"
183,27,"M"
184,40,"M"
185,47,"F"
186,53,"M"
187,30,"F"
188,33,"F"
189,41,"F"
190,32,"F"
191,47,"F"
192,34,"M"
193,25,"M"
194,64,"F"
195,64,"F"
196,38,"F"
197,52,"F"
198,26,"F"
199,41,"M"
200,56,"F"
201,24,"F"
202,50,"F"
203,30,"F"
204,32,"F"
205,37,"M"
206,57,"F"
207,64,"F"
208,66,"F"
209,29,"F"
210,29,"F"
211,51,"F"
212,36,"F"
213,44,"F"
214,61,"F"
215,37,"F"
216,35,"M"
217,44,"M"
218,29,"M"
219,43,"M"
220,41,"M"
221,39,"F"
222,34,"F"
223,47,"M"
224,31,"M"
225,40,"M"
226,39,"F"
227,25,"M"
228,29,"M"
229,46,"M"
230,20,"M"
231,38,"F"
232,32,"F"
233,30,"F"
234,30,"F"
235,26,"F"
236,53,"F"
237,26,"M"
238,26,"F"
239,32,"F"
240,24,"F"
241,28,"F"
242,32,"F"
243,55,"F"
244,44,"F"
245,48,"F"
246,26,"F"
247,30,"M"
248,41,"M"
249,44,"M"
250,50,"F"
251,41,"F"
252,35,"M"
253,32,"M"
254,48,"F"
255,38,"F"
256,27,"M"
257,37,"M"
258,37,"F"
259,36,"M"
260,26,"M"
261,28,"F"
262,49,"F"
263,30,"M"
264,35,"M"
265,48,"M"
266,50,"F"
267,44,"F"
268,35,"F"
269,32,"F"
270,60,"F"
271,53,"M"
272,32,"M"
273,31,"M"
274,29,"F"
275,34,"M"
276,59,"M"
277,29,"F"
278,32,"F"
279,47,"F"
280,34,"F"
281,38,"F"
282,32,"F"
283,31,"M"
284,31,"M"
285,33,"M"
286,23,"M"
287,38,"M"
288,40,"M"
289,32,"F"
290,36,"F"
291,54,"F"
292,33,"M"
293,24,"F"
294,26,"F"
295,31,"F"
296,49,"F"
297,56,"M"
298,25,"M"
299,45,"F"
300,22,"M"
